Fiber 1_left: Idx,x (mm),y (mm),z (mm),Cutting plane x
0,-1.0,-10.948013738554142,0.030257464567057087,-1
1,-2.4397767745679295,-10.72037588148319,0.07122875872936468,-1
2,-4.755512279700466,-9.9067200938645,0.14245751745872937,-1
3,-6.831911552264004,-8.600120666229081,0.21368627618809405,-1
4,-8.565723964499218,-6.86619365640866,0.28491503491745873,-1
5,-9.870877404381861,-4.791788144644491,0.3561437936468234,-1
6,-10.682751091044269,-2.4806362157758968,0.4273725523761881,-1
7,-10.961374917258098,-0.04816580541736501,0.4986013111055528,-1
8,-10.69339692931087,2.384264206739001,0.5698300698349175,-1
9,-9.892722113918134,4.695418736012569,0.6410588285642822,-1
10,-8.599791985839254,6.770228986150608,0.7122875872936468,-1
11,-6.879542247931475,8.50552153245211,0.7835163460230115,-1
12,-4.818141647651554,9.815148753801603,0.8547451047523762,-1
13,-2.5186758000463603,10.634265498232628,0.9259738634817409,-1
14,-1.0,10.876636190346858,0.9700187170027125,-1
15,-1.0,9.209924919942877,1.0515755437384313,-1
16,-1.0,7.5432136495388935,1.13313237047415,-1
17,-1.0,5.876502379134912,1.2146891972098688,-1
18,-1.0,4.20979110873093,1.2962460239455877,-1
19,-1.0,2.543079838326949,1.3778028506813067,-1
20,-1.0,0.8763685679229667,1.4593596774170254,-1
21,-1.0,-0.7903427024810163,1.5409165041527442,-1
22,-1.0,-2.4570539728849976,1.622473330888463,-1
23,-1.0,-4.123765243288978,1.7040301576241816,-1
24,-1.0,-5.790476513692961,1.7855869843599008,-1
25,-1.0,-7.457187784096943,1.8671438110956196,-1
26,-1.0,-9.123899054500924,1.9487006378313383,-1
27,-1.0,-10.790610324904906,2.030257464567057,-1
28,-2.219438233297182,-10.610787164967203,2.0656340031515756,-1
29,-4.5164361956425525,-9.848717704765846,2.1368627618809404,-1
30,-6.586001265561409,-8.596558045745496,2.208091520610305,-1
31,-8.325215435585896,-6.917214611521434,2.27932027933967,-1
32,-9.647730382068946,-4.894821364782131,2.3505490380690346,-1
33,-10.488054395624447,-2.630524845093163,2.4217777967983993,-1
34,-10.804795411610547,-0.23742554205643004,2.493006555527764,-1
35,-10.582699559563943,2.1650714020287944,2.564235314257129,-1
36,-9.833384849183094,4.457213982004499,2.635464072986493,-1
37,-8.594734751394341,6.524872344872505,2.706692831715858,-1
38,-6.928983264279235,8.26522150566933,2.7779215904452226,-1
39,-4.919588242306841,9.591854812906375,2.8491503491745873,-1
40,-2.667050065785622,10.439073873870976,2.920379107903952,-1
41,-1.0,10.719232776697622,2.9700187170027124,-1
42,-1.0,9.07673741608583,3.0515755437384313,-1
43,-1.0,7.434242055474039,3.13313237047415,-1
44,-1.0,5.791746694862246,3.214689197209869,-1
45,-1.0,4.149251334250456,3.2962460239455877,-1
46,-1.0,2.506755973638665,3.3778028506813067,-1
47,-1.0,0.8642606130268726,3.4593596774170257,-1
48,-1.0,-0.7782347475849205,3.5409165041527446,-1
49,-1.0,-2.420730108196711,3.622473330888463,-1
50,-1.0,-4.0632254688085006,3.7040301576241816,-1
51,-1.0,-5.705720829420294,3.785586984359901,-1
52,-1.0,-7.348216190032087,3.86714381109562,-1
53,-1.0,-8.990711550643876,3.9487006378313385,-1
54,-1.0,-10.633206911255668,4.0302574645670575,-1
55,-2.003715302553319,-10.496811676276371,4.060039247573787,-1
56,-4.28088788777335,-9.785415217266431,4.131268006303151,-1
57,-6.342355693254018,-8.587045976579104,4.2024967650325165,-1
58,-8.085596227753301,-6.961932979249596,4.273725523761881,-1
59,-9.42405342350469,-4.991512558281603,4.344954282491246,-1
60,-10.291435273352024,-2.7743475820878065,4.41618304122061,-1
61,-10.644997034238354,-0.4211972657913026,4.487411799949975,-1
62,-10.467647399456744,1.9505158242546936,4.55864055867934,-1
63,-9.768773876697324,4.222565171893854,4.629869317408704,-1
64,-8.583747554793755,6.281813733784706,4.701098076138069,-1
65,-6.97213330658316,8.025847604560655,4.7723268348674335,-1
66,-5.014695973501132,9.36806939642846,4.843555593596799,-1
67,-2.809352995989847,10.24199802450508,4.914784352326163,-1
68,-1.0,10.561829363048384,4.970018717002713,-1
69,-1.0,8.943549912228782,5.051575543738432,-1
70,-1.0,7.325270461409181,5.133132370474151,-1
71,-1.0,5.70699101058958,5.214689197209869,-1
72,-1.0,4.088711559769979,5.296246023945588,-1
73,-1.0,2.4704321089503773,5.377802850681308,-1
74,-1.0,0.8521526581307768,5.459359677417026,-1
75,-1.0,-0.7661267926888264,5.540916504152745,-1
76,-1.0,-2.384406243508426,5.622473330888464,-1
77,-1.0,-4.002685694328027,5.704030157624182,-1
78,-1.0,-5.620965145147629,5.7855869843599015,-1
79,-1.0,-7.239244595967231,5.86714381109562,-1
80,-1.0,-8.85752404678683,5.9487006378313385,-1
81,-1.0,-10.475803497606432,6.0302574645670575,-1
82,-1.7926932940235882,-10.378577968647877,6.054444491995998,-1
83,-4.048979040578357,-9.716919060230175,6.125673250725363,-1
84,-6.101107328878285,-8.57166346822642,6.196902009454727,-1
85,-7.847013044744872,-7.000396420495155,6.268130768184092,-1
86,-9.200000137353328,-5.081875669394081,6.339359526913457,-1
87,-10.093046589858666,-2.912083965130771,6.410588285642821,-1
88,-10.48212429789959,-0.5994271327746855,6.481817044372186,-1
89,-10.348369415971307,1.7406820141405968,6.553045803101551,-1
90,-9.698996199717627,3.991583330185006,6.624274561830916,-1
91,-8.566910111956295,6.041185130281888,6.69550332056028,-1
92,-7.009040839006071,7.7875461862578215,6.766732079289645,-1
93,-5.103479645574605,9.1439459531966,6.83796083801901,-1
94,-2.945565003110328,10.043190850650646,6.909189596748374,-1
95,-1.0,10.404425949399148,6.970018717002713,-1
96,-1.0,8.810362408371736,7.051575543738433,-1
97,-1.0,7.216298867344325,7.133132370474151,-1
98,-1.0,5.622235326316915,7.214689197209869,-1
99,-1.0,4.028171785289503,7.296246023945589,-1
100,-1.0,2.4341082442620934,7.377802850681308,-1
101,-1.0,0.8400447032346818,7.459359677417026,-1
102,-1.0,-0.7540188377927306,7.5409165041527455,-1
103,-1.0,-2.3480823788201395,7.622473330888464,-1
104,-1.0,-3.9421459198475497,7.7040301576241825,-1
105,-1.0,-5.536209460874962,7.7855869843599015,-1
106,-1.0,-7.130273001902374,7.8671438110956196,-1
107,-1.0,-8.724336542929784,7.9487006378313385,-1
108,-1.0,-10.318400083957194,8.030257464567057,-1
109,-1.5864544237236162,-10.25621622449662,8.048849736418209,-1
110,-3.8208186813729887,-9.643337937555103,8.120078495147574,-1
111,-5.862386579589301,-8.550492337722627,8.19130725387694,-1
112,-7.609611178561342,-7.032655796343623,8.262536012606303,-1
113,-8.975723465419946,-5.1659280757977655,8.333764771335668,-1
114,-9.893041321944398,-3.0437170282610833,8.404993530065033,-1
115,-10.316322598944076,-0.7720646829812932,8.476222288794398,-1
116,-10.224996188035176,1.5356514089363411,8.547451047523762,-1
117,-9.62416108146273,3.7643768127827397,8.618679806253127,-1
118,-8.544304934178106,5.803116410889886,8.689908564982492,-1
119,-7.03975751724938,7.550462179326355,8.761137323711855,-1
120,-5.185957491596217,8.919637246859109,8.83236608244122,-1
121,-3.0756699947487594,9.842805345085274,8.903594841170586,-1
122,-1.0,10.24702253574991,8.970018717002713,-1
123,-1.0,8.67717490451469,9.051575543738432,-1
124,-1.0,7.107327273279468,9.13313237047415,-1
125,-1.0,5.537479642044247,9.214689197209868,-1
126,-1.0,3.9676320108090275,9.296246023945589,-1
127,-1.0,2.397784379573807,9.377802850681308,-1
128,-1.0,0.8279367483385851,9.459359677417027,-1
129,-1.0,-0.7419108828966365,9.540916504152744,-1
130,-1.0,-2.311758514131855,9.622473330888464,-1
131,-1.0,-3.881606145367075,9.704030157624182,-1
132,-1.0,-5.451453776602297,9.7855869843599,-1
133,-1.0,-7.021301407837518,9.86714381109562,-1
134,-1.0,-8.59114903907274,9.948700637831339,-1
135,-1.0,-10.160996670307958,10.030257464567057,-1
136,-1.3850777813391626,-10.129858186265883,10.04325498084042,-1
137,-3.59651313507266,-9.564782767547674,10.114483739569785,-1
138,-5.626321708612133,-8.523617160559363,10.18571249829915,-1
139,-7.373534442461448,-7.058765132968904,10.256941257028515,-1
140,-8.751375609538126,-5.243690569237458,10.328170015757879,-1
141,-9.691572481994271,-3.1692332985236984,10.399398774487244,-1
142,-10.14773814302424,-0.9390628543754045,10.470627533216609,-1
143,-10.097659837226704,1.3355023121274119,10.541856291945972,-1
144,-9.544379984264467,3.5410512620884598,10.613085050675338,-1
145,-8.516017278760309,5.567735293985808,10.684313809404703,-1
146,-7.0643381531152,7.314739016964219,10.755542568134068,-1
147,-5.2621511536255765,8.695295282888244,10.826771326863431,-1
148,-3.1996553706006825,9.64099451729524,10.898000085592797,-1
149,-1.0,10.089619122100673,10.970018717002713,-1
150,-1.0,8.543987400657645,11.051575543738432,-1
151,-1.0,6.9983556792146135,11.13313237047415,-1
152,-1.0,5.452723957771582,11.214689197209868,-1
153,-1.0,3.907092236328552,11.296246023945589,-1
154,-1.0,2.361460514885522,11.377802850681308,-1
155,-1.0,0.815828793442491,11.459359677417027,-1
156,-1.0,-0.7298029280005398,11.540916504152744,-1
157,-1.0,-2.2754346494435693,11.622473330888464,-1
158,-1.0,-3.8210663708865984,11.704030157624182,-1
159,-1.0,-5.36669809232963,11.7855869843599,-1
160,-1.0,-6.912329813772661,11.86714381109562,-1
161,-1.0,-8.457961535215691,11.948700637831339,-1
162,-1.0,-10.00359325665872,12.030257464567057,-1
163,-1.188639301042763,-9.99963708670815,12.03766022526263,-1
164,-3.376165980273994,-9.48136662141456,12.108888983991996,-1
165,-5.393038778777039,-8.491125220450298,12.180117742721361,-1
166,-7.138925104763371,-7.078781585174896,12.251346501450726,-1
167,-8.527107958935904,-5.315187334657281,12.32257526018009,-1
168,-9.488793042527538,-3.2886227917310404,12.393804018909455,-1
169,-9.976517870585518,-1.1003779955123711,12.46503277763882,-1
170,-9.96649395791811,1.140309864622433,12.536261536368183,-1
171,-9.459766507842906,3.321709563412492,12.607490295097548,-1
172,-8.482135098490234,5.335167283607584,12.678719053826914,-1
173,-7.082840677710258,7.080518571007299,12.749947812556279,-1
174,-5.332085661470314,8.47107123607069,12.821176571285642,-1
175,-3.3175120178243014,9.43791131806256,12.892405330015007,-1
176,-1.139814017562887,9.93331823964757,12.963634088744373,-1
177,-1.0,9.932215708451436,12.970018717002713,-1
178,-1.0,8.410799896800597,13.051575543738434,-1
179,-1.0,6.889384085149755,13.13313237047415,-1
180,-1.0,5.367968273498915,13.214689197209868,-1
181,-1.0,3.8465524618480758,13.296246023945589,-1
182,-1.0,2.325136650197236,13.377802850681308,-1
183,-1.0,0.8037208385463952,13.459359677417027,-1
184,-1.0,-0.7176949731044449,13.540916504152744,-1
185,-1.0,-2.239110784755285,13.622473330888464,-1
186,-1.0,-3.7605265964061236,13.704030157624182,-1
187,-1.0,-5.281942408056964,13.7855869843599,-1
188,-1.0,-6.803358219707806,13.86714381109562,-1
189,-1.0,-8.324774031358645,13.948700637831339,-1
190,-1.0,-9.846189843009483,14.030257464567057,-1
191,-3.159878006665967,-9.393204660898567,14.103294228414207,-1
192,-5.1626615971602146,-8.453106457968147,14.174522987143572,-1
193,-6.905923823474711,-7.092765398590546,14.245751745872937,-1
194,-8.303071018111048,-5.380445927836454,14.3169805046023,-1
195,-9.284855860910724,-3.4018790066540165,14.388209263331666,-1
196,-9.802809382168295,-1.255969876571175,14.45943802206103,-1
197,-9.831633546886911,0.9501460174277047,14.530666780790396,-1
198,-9.370436326732941,3.1064518027195764,14.60189553951976,-1
199,-8.442748989999616,5.105535614375062,14.673124298249125,-1
200,-7.095326103306836,6.847941086770923,14.74435305697849,-1
201,-5.395789409949847,8.247115378514616,14.815581815707855,-1
202,-3.4292343048381335,9.233708564224475,14.886810574437218,-1
203,-1.2939691995876534,9.759010830049673,14.958039333166584,-1
204,-1.0,9.7748122948022,14.970018717002713,-1
205,-1.0,8.277612392943551,15.051575543738432,-1
206,-1.0,6.7804124910849,15.13313237047415,-1
207,-1.0,5.283212589226249,15.214689197209868,-1
208,-1.0,3.7860126873676005,15.296246023945589,-1
209,-1.0,2.2888127855089517,15.377802850681308,-1
210,-1.0,0.7916128836503011,15.459359677417025,-1
211,-1.0,-0.705587018208349,15.540916504152744,-1
212,-1.0,-2.2027869200669983,15.622473330888463,-1
213,-1.0,-3.6999868219256467,15.704030157624182,-1
214,-1.0,-5.197186723784297,15.7855869843599,-1
215,-1.0,-6.694386625642948,15.86714381109562,-1
216,-1.0,-8.191586527501597,15.948700637831339,-1
217,-1.0,-9.688786429360245,16.030257464567057,-1
218,-2.9477471737854835,-9.300414075087168,16.097699472836418,-1
219,-4.935311660853334,-8.409653418075804,16.168928231565783,-1
220,-6.674669581776433,-7.100779870537599,16.240156990295148,-1
221,-8.079414335244884,-5.43949725154108,16.311385749024513,-1
222,-9.07991360426751,-3.508998917643981,16.38261450775388,-1
223,-9.626760863553514,-1.4058016988160327,16.453843266483243,-1
224,-9.693214932426075,0.7650795058214702,16.525072025212605,-1
225,-9.276507126890275,2.89537522572315,16.59630078394197,-1
226,-8.39795214102359,4.878961197544179,16.667529542671335,-1
227,-7.101858483881101,6.617145118751955,16.7387583014007,-1
228,-5.453294134678197,8.0235770082027,16.809987060130066,-1
229,-3.5348200735530857,9.028538863637017,16.88121581885943,-1
230,-1.4423556601800658,9.582400519359071,16.952444577588796,-1
231,-1.0,9.617408881152961,16.970018717002713,-1
232,-1.0,8.144424889086503,17.051575543738434,-1
233,-1.0,6.671440897020042,17.13313237047415,-1
234,-1.0,5.1984569049535825,17.214689197209868,-1
235,-1.0,3.7254729128871236,17.29624602394559,-1
236,-1.0,2.2524889208206647,17.377802850681306,-1
237,-1.0,0.7795049287542053,17.459359677417027,-1
238,-1.0,-0.693479063312255,17.540916504152744,-1
239,-1.0,-2.166463055378714,17.622473330888464,-1
240,-1.0,-3.6394470474451723,17.70403015762418,-1
241,-1.0,-5.112431039511632,17.785586984359902,-1
242,-1.0,-6.585415031578092,17.86714381109562,-1
243,-1.0,-8.05839902364455,17.948700637831337,-1
244,-1.0,-9.53138301571101,18.030257464567057,-1
245,-2.739868571134775,-9.203114016421148,18.09210471725863,-1
246,-4.711108103882493,-8.360861196576145,18.163333475987994,-1
247,-6.445299624389384,-7.102891309587386,18.23456223471736,-1
248,-7.856286431184861,-5.492375530203473,18.305790993446724,-1
249,-8.87411867461596,-3.609982965694741,18.37701975217609,-1
250,-9.448521010784313,-1.549840102482657,18.448248510905454,-1
251,-9.551375702984355,0.5851758250336063,18.519477269634816,-1
252,-9.178098541504363,2.6885741983460383,18.59070602836418,-1
253,-8.347840276583241,4.655562568217671,18.661934787093546,-1
254,-7.102504874346308,6.388267467218757,18.73316354582291,-1
255,-5.504634886375896,7.800604378122327,18.804392304552277,-1
256,-3.634270630044206,8.822554540374373,18.875621063281642,-1
257,-1.584940900367233,9.403636119457486,18.946849822011007,-1
258,-1.0,9.460005467503725,18.970018717002713,-1
259,-1.0,8.011237385229457,19.05157554373843,-1
260,-1.0,6.562469302955186,19.13313237047415,-1
261,-1.0,5.113701220680918,19.214689197209868,-1
262,-1.0,3.6649331384066492,19.29624602394559,-1
263,-1.0,2.2161650561323807,19.37780285068131,-1
264,-1.0,0.7673969738581112,19.459359677417027,-1
265,-1.0,-0.6813711084161591,19.540916504152744,-1
266,-1.0,-2.130139190690427,19.62247333088846,-1
267,-1.0,-3.5789072729646954,19.70403015762418,-1
268,-1.0,-5.027675355238965,19.785586984359902,-1
269,-1.0,-6.476443437513235,19.86714381109562,-1
270,-1.0,-7.925211519787503,19.94870063783134,-1
271,-1.0,-9.373979602061771,20.030257464567057,-1
272,-2.536334379674557,-9.101425535932147,20.08650996168084,-1
273,-4.490167645298647,-8.306827385504166,20.157738720410205,-1
274,-6.217949394847209,-7.099168993827748,20.22896747913957,-1
275,-7.633834729026241,-5.539118283140516,20.300196237868935,-1
276,-8.667623134266126,-3.704835047946319,20.3714249965983,-1
277,-9.268238955095459,-1.6880551730915843,20.442653755327665,-1
278,-9.406254635367489,0.41049720744091267,20.51388251405703,-1
279,-9.075332086047595,2.486140168560174,20.585111272786392,-1
280,-8.292511604117584,4.435455833730997,20.656340031515757,-1
281,-7.097335288499147,6.161443115715903,20.727568790245122,-1
282,-5.549850003727052,7.578344626000426,20.798797548974488,-1
283,-3.727590733666385,8.615907560196378,20.870026307703853,-1
284,-1.7216958677918515,9.222866858640236,20.941255066433218,-1
285,-1.0,9.302602053854487,20.970018717002713,-1
286,-1.0,7.878049881372409,21.05157554373843,-1
287,-1.0,6.45349770889033,21.13313237047415,-1
288,-1.0,5.028945536408251,21.21468919720987,-1
289,-1.0,3.6043933639261723,21.29624602394559,-1
290,-1.0,2.1798411914440945,21.377802850681306,-1
291,-1.0,0.7552890189620154,21.459359677417027,-1
292,-1.0,-0.669263153520065,21.540916504152747,-1
293,-1.0,-2.0938153260021424,21.622473330888464,-1
294,-1.0,-3.5183674984842197,21.70403015762418,-1
295,-1.0,-4.9429196709663,21.785586984359902,-1
296,-1.0,-6.36747184344838,21.86714381109562,-1
297,-1.0,-7.792024015930457,21.94870063783134,-1
298,-1.0,-9.216576188412535,22.030257464567057,-1
299,-2.3372338347098522,-8.995471517737109,22.08091520610305,-1
300,-4.272604538459213,-8.247652017486734,22.152143964832415,-1
301,-5.992752473702319,-7.089685127858544,22.22337272356178,-1
302,-7.412205484320917,-5.57976629632647,22.294601482291146,-1
303,-8.460578631508474,-3.7935625056402444,22.36583024102051,-1
304,-9.08606418778332,-1.8204204461836744,22.437058999749876,-1
305,-9.257991622531607,0.24110260128618863,22.50828775847924,-1
306,-8.968331092588937,2.2881616296211607,22.579516517208603,-1
307,-8.232066757588928,4.2187546232352,22.650745275937968,-1
308,-7.086422655700565,5.936805169507354,22.721974034667333,-1
309,-5.588981084791486,7.356943704674538,22.7932027933967,-1
310,-3.8147885846238934,8.408749456314407,22.864431552126064,-1
311,-1.8525949610557573,9.040242306475978,22.93566031085543,-1
312,-1.0,9.145198640205251,22.970018717002713,-1
313,-2.142653190179212,-8.885376612819504,24.07532045052526,-1
314,-4.058530521522983,-8.183437509093956,24.146549209254626,-1
315,-5.769840517691047,-7.074514798534962,24.21777796798399,-1
316,-7.191543715943014,-5.614363592732962,24.289006726713357,-1
317,-8.253136326624936,-3.876176110532061,24.360235485442722,-1
318,-8.902146485048066,-1.9469129104811358,24.431464244172087,-1
319,-9.106727601000255,0.07704765092773062,24.502693002901452,-1
320,-8.857220643400757,2.094724084712794,24.573921761630814,-1
321,-8.166608740586357,4.005570038497798,24.64515052036018,-1
322,-7.06984277631018,5.714484794984171,24.716379279089544,-1
323,-5.622072956988817,7.13654631312715,24.78760803781891,-1
324,-3.895875809997153,8.20123125548849,24.858836796548275,-1
325,-1.9776160324857102,8.855912298647262,24.93006555527764,-1
