Fiber 2_right: Idx,x (mm),y (mm),z (mm),Cutting plane x
0,1.1,-10.864028178380462,1.0323134969937124,1.1
1,1.522046316833698,-10.8127067860594,1.0445142885628542,1.1
2,3.1109112141394406,-10.462953516509431,1.0919922107702569,1.1
3,4.629649107609915,-9.881166568636504,1.1394701329776593,1.1
4,6.044592091297492,-9.08041715557264,1.1869480551850617,1.1
5,7.324399089774457,-8.07862858427036,1.2344259773924642,1.1
6,8.440750060422134,-6.898175100174791,1.2819038995998666,1.1
7,9.368972662019475,-5.565382190528514,1.329381821807269,1.1
8,10.088587522822717,-4.109939505956546,1.3768597440146717,1.1
9,10.583760057782397,-2.5642394923927294,1.4243376662220741,1.1
10,10.843648867303788,-0.9626564658702096,1.4718155884294766,1.1
11,10.862643052603234,0.6592178250159365,1.519293510636879,1.1
12,10.640483253977392,2.2653651489696127,1.5667714328442814,1.1
13,10.182263803206734,3.8201406770327857,1.6142493550516839,1.1
14,9.498316022395526,5.289064039129987,1.6617272772590863,1.1
15,8.60397534013506,6.639583996410026,1.709205199466489,1.1
16,7.519237473388561,7.841799771249715,1.7566831216738914,1.1
17,6.26831138275153,8.86912305043857,1.8041610438812938,1.1
18,4.8790789952244,9.698866004925902,1.8516389660886963,1.1
19,3.3824737516973444,10.312742321867814,1.8991168882960987,1.1
20,1.811791830340499,10.697270184655437,1.9465948105035011,1.1
21,1.1,10.788877668202774,1.9667351968587106,1.1
22,1.1,8.834741083390591,2.063605951416438,1.1
23,1.1,6.8806044985784105,2.1604767059741654,1.1
24,1.1,4.9264679137662295,2.257347460531893,1.1
25,1.1,2.972331328954047,2.3542182150896203,1.1
26,1.1,1.018194744141864,2.4510889696473477,1.1
27,1.1,-0.9359418406703153,2.547959724205075,1.1
28,1.1,-2.8900784254824985,2.6448304787628025,1.1
29,1.1,-4.844215010294681,2.74170123332053,1.1
30,1.1,-6.798351595106862,2.8385719878782574,1.1
31,1.1,-8.752488179919046,2.935442742435985,1.1
32,1.1,-10.706624764731226,3.032313496993712,1.1
33,1.3018209012997661,-10.68625188673127,3.038587021273758,1.1
34,2.874404964324541,-10.37061015911829,3.0860649434811607,1.1
35,4.382108368298986,-9.824965855017576,3.133542865688563,1.1
36,5.791505406313207,-9.061588639509194,3.1810207878959655,1.1
37,7.071375508707135,-8.097573377498835,3.2284987101033678,1.1
38,8.19339482820104,-6.954457342685834,3.2759766323107704,1.1
39,9.132763046341614,-5.657739066193918,3.3234545545181726,1.1
40,9.868751530208824,-4.236309573593022,3.3709324767255753,1.1
41,10.3851607238463,-2.721808696726129,3.418410398932978,1.1
42,10.670676682171917,-1.1479208014706526,3.46588832114038,1.1
43,10.719118901091944,0.45037439222983416,3.513366243347783,1.1
44,10.529574016169704,2.0375792354598126,3.560844165555185,1.1
45,10.106412479672453,3.57846654227311,3.6083220877625877,1.1
46,9.459187925724144,5.03886143853743,3.6558000099699903,1.1
47,8.60242153786351,6.386399314963679,3.7032779321773925,1.1
48,7.55527628471967,7.591243073961237,3.750755854384795,1.1
49,6.341128331163941,8.626743775150107,3.7982337765921974,1.1
50,4.987045210044901,9.470030051807766,3.8457116987996,1.1
51,3.5231824030084162,10.102513261853337,3.8931896210070023,1.1
52,1.9821117822823529,10.510297216623737,3.940667543214405,1.1
53,1.1,10.631474254553538,3.9667351968587106,1.1
54,1.1,8.705956472223036,4.063605951416438,1.1
55,1.1,6.7804386898925335,4.160476705974165,1.1
56,1.1,4.854920907562031,4.257347460531893,1.1
57,1.1,2.9294031252315285,4.35421821508962,1.1
58,1.1,1.0038853429010262,4.451088969647348,1.1
59,1.1,-0.9216324394294757,4.547959724205075,1.1
60,1.1,-2.8471502217599785,4.6448304787628025,1.1
61,1.1,-4.772668004090481,4.74170123332053,1.1
62,1.1,-6.698185786420984,4.838571987878257,1.1
63,1.1,-8.623703568751488,4.935442742435985,1.1
64,1.1,-10.549221351081988,5.032313496993712,1.1
65,2.6424305032405577,-10.273138651088152,5.080137676192064,1.1
66,4.138287555541903,-9.763021649859201,5.1276155983994665,1.1
67,5.541244524793204,-9.0365286792153,5.175093520606869,1.1
68,6.82022117562948,-8.109936948090848,5.222571442814272,1.1
69,7.946911063962259,-7.003954480684074,5.270049365021674,1.1
70,8.896408011083825,-5.743257339931232,5.317527287229076,1.1
71,9.647756658753778,-4.355939081182894,5.365005209436479,1.1
72,10.184414935414313,-2.872884719022315,5.4124831316438815,1.1
73,10.494618227709042,-1.3270831575001973,5.459961053851284,1.1
74,10.57163724072426,0.24710660946404073,5.507438976058687,1.1
75,10.413923896072655,1.8147192050465688,5.554916898266089,1.1
76,10.02514210645515,3.340959508735601,5.602394820473491,1.1
77,9.4140828233113,4.791974977351464,5.649872742680894,1.1
78,8.59446532376567,6.135606505247654,5.697350664888297,1.1
79,7.584629227242493,7.342101169396329,5.744828587095698,1.1
80,6.407124154845097,8.384771062787612,5.792306509303101,1.1
81,5.088206212166221,9.240583627391985,5.839784431510504,1.1
82,3.657252538372837,9.890670428799694,5.887262353717906,1.1
83,2.146106975559484,10.32074313434171,5.934740275925309,1.1
84,1.1,10.4740708409043,5.966735196858711,1.1
85,1.1,8.577171861055476,6.063605951416438,1.1
86,1.1,6.680272881206654,6.1604767059741645,1.1
87,1.1,4.783373901357832,6.257347460531893,1.1
88,1.1,2.8864749215090084,6.35421821508962,1.1
89,1.1,0.9895759416601848,6.451088969647348,1.1
90,1.1,-0.9073230381886361,6.547959724205075,1.1
91,1.1,-2.8042220180374597,6.6448304787628025,1.1
92,1.1,-4.701120997886283,6.74170123332053,1.1
93,1.1,-6.598019977735107,6.838571987878257,1.1
94,1.1,-8.49491895758393,6.935442742435985,1.1
95,1.1,-10.391817937432752,7.032313496993712,1.1
96,2.4150958374048237,-10.170675994241229,7.074210408902968,1.1
97,3.898313813919677,-9.695453393086977,7.12168833111037,1.1
98,5.293952908767944,-9.005336506845472,7.169166253317773,1.1
99,6.571092687983455,-8.115796122808174,7.216644175525175,1.1
100,7.70146502767642,-7.0467192348383,7.264122097732578,1.1
101,8.660079792036106,-5.821964460185231,7.311600019939981,1.1
102,9.425777301281459,-4.468829599178292,7.359077942147382,1.1
103,9.981695376151704,-3.01744321970325,7.406555864354785,1.1
104,10.315640650533592,-1.500093826692387,7.454033786562188,1.1
105,10.420355976340524,0.04948844703701345,7.50151170876959,1.1
106,10.293678057287616,1.596881648717012,7.548989630976992,1.1
107,9.938581889280913,3.107736644412268,7.596467553184395,1.1
108,9.363111100472167,4.548539603199664,7.6439454753917975,1.1
109,8.580195817729686,5.887355401077305,7.6914233975992,1.1
110,7.607362182077713,7.094535454433713,7.738901319806603,1.1
111,6.466340038178139,8.14337429419429,7.7863792420140046,1.1
112,5.182577578898844,9.010700340782371,7.833857164221407,1.1
113,3.7846737854501455,9.677387811037718,7.88133508642881,1.1
114,2.3037413208921103,10.128778448339533,7.9288130086362125,1.1
115,1.1,10.316667427255064,7.966735196858711,1.1
116,1.1,8.44838724988792,8.063605951416438,1.1
117,1.1,6.580107072520777,8.160476705974165,1.1
118,1.1,4.711826895153633,8.257347460531893,1.1
119,1.1,2.8435467177864897,8.35421821508962,1.1
120,1.1,0.9752665404193461,8.451088969647348,1.1
121,1.1,-0.8930136369477957,8.547959724205075,1.1
122,1.1,-2.7612938143149397,8.644830478762803,1.1
123,1.1,-4.629573991682085,8.74170123332053,1.1
124,1.1,-6.497854169049227,8.838571987878257,1.1
125,1.1,-8.366134346416372,8.935442742435987,1.1
126,1.1,-10.234414523783514,9.032313496993712,1.1
127,2.1925054381020317,-10.063361416518656,9.068283141613872,1.1
128,3.6623111226709324,-9.6223832509715,9.115761063821274,1.1
129,5.049771294985733,-8.968114520634238,9.163238986028677,1.1
130,6.324144418396053,-8.115231263988898,9.21071690823608,1.1
131,7.457221304271169,-7.082808152461925,9.25819483044348,1.1
132,8.423949536827434,-5.893891908235983,9.305672752650883,1.1
133,9.202987373429684,-4.574986847612801,9.353150674858286,1.1
134,9.777174874055302,-3.155464033490699,9.400628597065689,1.1
135,10.13391185987256,-1.6669072082287968,9.448106519273091,1.1
136,10.26543437671538,-0.14241007227001512,9.495584441480494,1.1
137,10.16898359839103,1.3841594563614361,9.543062363687897,1.1
138,9.846863496945392,2.8789116446976086,9.5905402858953,1.1
139,9.306386079031514,4.308687294380258,9.638018208102702,1.1
140,8.559705484443555,5.6417933360280434,9.685496130310103,1.1
141,7.623544709236412,6.848705350216115,9.732974052517505,1.1
142,6.518821096923318,7.902721442761248,9.780451974724908,1.1
143,5.2701789842196165,8.780552993089348,9.82792989693231,1.1
144,3.90543994299807,9.462839206242956,9.875407819139713,1.1
145,2.45498288202852,9.934574100018457,9.922885741347116,1.1
146,1.1,10.159264013605826,9.96673519685871,1.1
147,1.1,8.319602638720362,10.063605951416438,1.1
148,1.1,6.479941263834897,10.160476705974165,1.1
149,1.1,4.6402798889494346,10.257347460531893,1.1
150,1.1,2.8006185140639697,10.35421821508962,1.1
151,1.1,0.9609571391785057,10.451088969647348,1.1
152,1.1,-0.878704235706957,10.547959724205075,1.1
153,1.1,-2.718365610592422,10.644830478762803,1.1
154,1.1,-4.558026985477886,10.74170123332053,1.1
155,1.1,-6.39768836036335,10.838571987878257,1.1
156,1.1,-8.237349735248815,10.935442742435987,1.1
157,1.1,-10.077011110134277,11.032313496993712,1.1
158,1.974760196268166,-9.95133628774889,11.062355874324775,1.1
159,3.430400238567018,-9.543936039533362,11.109833796532177,1.1
160,4.80883762704665,-8.924968217636412,11.15731171873958,1.1
161,6.079528437578162,-8.10832621311435,11.204789640946982,1.1
162,7.214342719005488,-7.112281563157791,11.252267563154385,1.1
163,8.18818721465281,-5.959075166905067,11.299745485361788,1.1
164,8.9795602197326,-4.674420678562711,11.34722340756919,1.1
165,9.571026305974744,-3.286931166010713,11.394701329776593,1.1
166,9.949600432639318,-1.8274818185619681,11.442179251983996,1.1
167,10.107032982297714,-0.328522898013239,11.489657174191397,1.1
168,10.039989465382805,1.1766417785463608,11.5371350963988,1.1
169,9.750120980412353,2.6545947815835556,11.584613018606202,1.1
170,9.244023944866791,4.0725469976060795,11.632090940813605,1.1
171,8.53309007098929,5.399065071110166,11.679568863021007,1.1
172,7.63324999664922,6.6047682213604775,11.72704678522841,1.1
173,6.564616339812201,7.662978986965428,11.774524707435813,1.1
174,5.351034173782711,8.550313485235547,11.822002629643215,1.1
175,4.019548969853929,9.24719812655431,11.869480551850618,1.1
176,2.5998038789400377,9.738301366187404,11.91695847405802,1.1
177,1.123379783822768,10.012870970435854,11.964436396265421,1.1
178,1.1,10.00186059995659,11.96673519685871,1.1
179,1.1,8.190818027552805,12.063605951416438,1.1
180,1.1,6.379775455149019,12.160476705974164,1.1
181,1.1,4.568732882745237,12.257347460531893,1.1
182,1.1,2.757690310341452,12.35421821508962,1.1
183,1.1,0.9466477379376661,12.451088969647348,1.1
184,1.1,-0.8643948344661156,12.547959724205075,1.1
185,1.1,-2.675437406869902,12.644830478762803,1.1
186,1.1,-4.486479979273687,12.74170123332053,1.1
187,1.1,-6.297522551677471,12.838571987878257,1.1
188,1.1,-8.108565124081258,12.935442742435985,1.1
189,1.1,-9.91960769648504,13.032313496993712,1.1
190,1.7619573792869054,-9.83474403451406,13.056428607035679,1.1
191,3.2026986405443196,-9.460239146772102,13.103906529243082,1.1
192,4.571286989100351,-8.87600612504294,13.151384451450484,1.1
193,5.837394438557827,-8.095168232735505,13.198862373657887,1.1
194,6.972990253919445,-7.135203532643064,13.24634029586529,1.1
195,7.952961526793699,-6.017553687302037,13.29381821807269,1.1
196,8.75566852019677,-4.767145056551952,13.341296140280093,1.1
197,9.363422502316217,-3.4118327882919117,13.388774062487496,1.1
198,9.762875518379227,-1.9817803001275998,13.436251984694898,1.1
199,9.945313512506408,-0.5087879748189214,13.483729906902301,1.1
200,9.906846363388299,0.974413990266621,13.531207829109704,1.1
201,9.648490690880466,2.434892854699866,13.578685751317106,1.1
202,9.176143674156522,3.8402445674207693,13.626163673524509,1.1
203,8.500448542908881,5.159312723904369,13.673641595731912,1.1
204,7.636554807467351,6.3628792963854055,13.721119517939314,1.1
205,6.6037786282528685,7.424311823853894,13.768597440146715,1.1
206,5.425170937920889,8.320152726417449,13.816075362354118,1.1
207,4.127002971830771,9.030637704043054,13.86355328456152,1.1
208,2.73818068890351,9.540131763635898,13.911031206768923,1.1
209,1.2896011350926455,9.837473255528826,13.958509128976326,1.1
210,1.1,9.844457186307352,13.96673519685871,1.1
211,1.1,8.062033416385248,14.063605951416438,1.1
212,1.1,6.2796096464631415,14.160476705974165,1.1
213,1.1,4.497185876541037,14.257347460531893,1.1
214,1.1,2.714762106618932,14.35421821508962,1.1
215,1.1,0.9323383366968265,14.451088969647348,1.1
216,1.1,-0.8500854332252779,14.547959724205075,1.1
217,1.1,-2.632509203147383,14.644830478762803,1.1
218,1.1,-4.414932973069488,14.74170123332053,1.1
219,1.1,-6.197356742991595,14.838571987878257,1.1
220,1.1,-7.9797805129137,14.935442742435985,1.1
221,1.1,-9.762204282835803,15.032313496993712,1.1
222,1.5541905897152775,-9.713730054156615,15.050501339746583,1.1
223,2.979320476117856,-9.371422453757972,15.097979261953984,1.1
224,4.337251541134568,-8.821339730108631,15.145457184161387,1.1
225,5.59788966228124,-8.075847946789784,15.19293510636879,1.1
226,6.733322965398577,-7.151641814777961,15.240413028576192,1.1
227,7.718439817973607,-6.069370853629593,15.287890950783595,1.1
228,8.531484197414517,-4.8531780369138895,15.335368872990998,1.1
229,9.154536151974373,-3.5301612291626414,15.3828467951984,1.1
230,9.573906744128635,-2.129769427945843,15.430324717405803,1.1
231,9.780438772626857,-0.6831472630416153,15.477802639613206,1.1
232,9.769706667657587,0.7775576566879965,15.525280561820608,1.1
233,9.542111196858945,2.219909144220404,15.572758484028009,1.1
234,9.102866958371749,3.611902707312162,15.620236406235412,1.1
235,8.46188301877496,4.922675699189171,15.667714328442814,1.1
236,7.633539425663003,6.123191589392456,15.715192250650217,1.1
237,6.636364634165746,7.186883183516638,15.76267017285762,1.1
238,5.492621082653015,8.0902405432658,15.810148095065022,1.1
239,4.227808186538492,8.813330596576638,15.857626017272425,1.1
240,2.8700938454708753,9.34023695378974,15.905103939479828,1.1
241,1.449687137891329,9.6594102258802,15.95258186168723,1.1
242,1.1,9.687053772658116,15.96673519685871,1.1
243,1.1,7.933248805217689,16.063605951416438,1.1
244,1.1,6.1794438377772645,16.160476705974165,1.1
245,1.1,4.425638870336839,16.257347460531893,1.1
246,1.1,2.671833902896413,16.35421821508962,1.1
247,1.1,0.918028935455987,16.451088969647348,1.1
248,1.1,-0.8357760319844365,16.547959724205075,1.1
249,1.1,-2.589580999424863,16.644830478762803,1.1
250,1.1,-4.34338596686529,16.74170123332053,1.1
251,1.1,-6.097190934305716,16.838571987878257,1.1
252,1.1,-7.850995901746142,16.935442742435985,1.1
253,1.1,-9.604800869186565,17.032313496993712,1.1
254,1.3515497259584122,-9.588441627967985,17.044574072457486,1.1
255,2.7603765095989723,-9.277618254626013,17.09205199466489,1.1
256,4.106860455886866,-8.761083408725211,17.13952991687229,1.1
257,5.361158824617024,-8.050459279337675,17.187007839079694,1.1
258,6.4954979028898,-7.161667801824984,17.234485761287097,1.1
259,7.484787988589445,-6.114573946067934,17.2819636834945,1.1
260,8.307178324258151,-4.93254174212323,17.329441605701902,1.1
261,8.94453970753715,-3.6419129655545786,17.376919527909305,1.1
262,9.382864119232783,-2.271420114111825,17.424397450116707,1.1
263,9.612572560353346,-0.851546757341012,17.47187537232411,1.1
264,9.62872433390502,0.5861505008984572,17.519353294531513,1.1
265,9.431123200293323,2.0097433656546975,17.566831216738912,1.1
266,9.02431812804778,3.3876409125498954,17.614309138946314,1.1
267,8.417498703298747,4.689290621093019,17.661787061153717,1.1
268,7.62428759995802,5.8858558230363265,17.70926498336112,1.1
269,6.662434795975671,6.950854544584993,17.756742905568522,1.1
270,5.553420398714994,7.860745589746955,17.804220827775925,1.1
271,4.3219749661401,8.595448894121635,17.851698749983328,1.1
272,2.9955280353328515,9.138788647494032,17.89917667219073,1.1
273,1.6035971554956268,9.478849406883377,17.946654594398133,1.1
274,1.1,9.529650359008878,17.96673519685871,1.1
275,1.1,7.804464194050132,18.063605951416438,1.1
276,1.1,6.079278029091385,18.160476705974165,1.1
277,1.1,4.35409186413264,18.257347460531893,1.1
278,1.1,2.628905699173893,18.35421821508962,1.1
279,1.1,0.9037195342151465,18.451088969647348,1.1
280,1.1,-0.8214666307435978,18.547959724205075,1.1
281,1.1,-2.5466527957023444,18.644830478762803,1.1
282,1.1,-4.271838960661091,18.74170123332053,1.1
283,1.1,-5.997025125619838,18.838571987878257,1.1
284,1.1,-7.722211290578584,18.935442742435985,1.1
285,1.1,-9.44739745553733,19.032313496993712,1.1
286,1.1541209449059322,-9.459027833602706,19.03864680516839,1.1
287,2.5459740721388737,-9.178961175512441,19.086124727375793,1.1
288,3.8802398574038586,-8.695354352677828,19.133602649583196,1.1
289,5.127344044794296,-8.019099391752523,19.1810805717906,1.1
290,6.259670028806154,-7.165356472964719,19.228558493998,1.1
291,7.252170407860789,-6.15321410175704,19.276036416205404,1.1
292,8.082921032199298,-5.0052623361108095,19.323514338412807,1.1
293,8.733605290808471,-3.747088610720467,19.370992260620206,1.1
294,9.189917940168643,-2.406707410174453,19.41847018282761,1.1
295,9.441879572022668,-1.0139365031698275,19.46594810503501,1.1
296,9.484054808033584,0.4002663736753171,19.513426027242414,1.1
297,9.315669451782401,1.8044916265455473,19.560903949449816,1.1
298,8.940624075374565,3.167575414771683,19.60838187165722,1.1
299,8.367403819010796,4.459291266798918,19.65585979386462,1.1
300,7.608886486108845,5.651020352820522,19.703337716072024,1.1
301,6.682053272781951,6.716385550796308,19.750815638279427,1.1
302,5.60760862863022,7.631835257848331,19.79829356048683,1.1
303,4.4095177580528295,8.377164025530902,19.845771482694232,1.1
304,3.114472093078778,8.93595850996954,19.893249404901635,1.1
305,1.7512946597402717,9.295958894771625,19.940727327109038,1.1
306,1.1,9.372246945359642,19.96673519685871,1.1
307,1.1,7.675679582882576,20.063605951416438,1.1
308,1.1,5.979112220405508,20.160476705974162,1.1
309,1.1,4.282544857928443,20.257347460531893,1.1
310,1.1,2.5859774954513752,20.35421821508962,1.1
311,1.1,0.8894101329743078,20.451088969647348,1.1
312,1.1,-0.8071572295027574,20.547959724205075,1.1
313,1.1,-2.5037245919798248,20.644830478762803,1.1
314,1.1,-4.200291954456892,20.74170123332053,1.1
315,1.1,-5.896859316933959,20.838571987878257,1.1
316,1.1,-7.593426679411026,20.935442742435985,1.1
317,1.1,-9.289994041888091,21.032313496993712,1.1
318,2.336217013621263,-9.075588092473026,21.080197460086698,1.1
319,3.65751276127649,-8.62427249562076,21.1276753822941,1.1
320,4.8965847753085106,-7.981868618394523,21.1751533045015,1.1
321,6.025992139658379,-7.162786341094285,21.222631226708902,1.1
322,7.02074982793509,-6.185346273901056,21.270109148916305,1.1
323,7.858881420294963,-5.071369996578785,21.317587071123707,1.1
324,8.521904598694606,-3.845692900372179,21.36506499333111,1.1
325,8.995238695417704,-2.535610507407917,21.412542915538513,1.1
326,9.268525308584103,-1.1702706111705061,21.460020837745915,1.1
327,9.335854935287593,0.21997522528555097,21.507498759953318,1.1
328,9.19589466492892,1.6042463850881856,21.55497668216072,1.1
329,8.85191417564474,2.951819128341653,21.602454604368123,1.1
330,8.311709536548099,4.232808501833083,21.649932526575526,1.1
331,7.587426587579403,5.418831092750824,21.69741044878293,1.1
332,6.6952878967322205,6.483633928662195,21.74488837099033,1.1
333,5.655229431840208,7.403675589088118,21.792366293197734,1.1
334,4.490455083608567,8.158646665857715,21.839844215405137,1.1
335,3.2269189938597336,8.731918065987248,21.88732213761254,1.1
336,1.89274723784572,9.110907261756559,21.934800059819942,1.1
337,1.1,9.214843531710404,21.96673519685871,1.1
338,1.1,7.546894971715016,22.063605951416438,1.1
339,1.1,5.878946411719629,22.160476705974162,1.1
340,1.1,4.210997851724242,22.257347460531893,1.1
341,1.1,2.543049291728855,22.35421821508962,1.1
342,1.1,0.8751007317334674,22.451088969647348,1.1
343,1.1,-0.7928478282619187,22.547959724205075,1.1
344,1.1,-2.4607963882573065,22.644830478762803,1.1
345,1.1,-4.1287449482526934,22.74170123332053,1.1
346,1.1,-5.796693508248082,22.838571987878257,1.1
347,1.1,-7.464642068243469,22.935442742435985,1.1
348,1.1,-9.132590628238855,23.032313496993712,1.1
349,2.131205656421022,-8.967638048425304,23.0742701927976,1.1
350,3.438799016578771,-8.547960437809204,23.121748115005,1.1
351,4.669017733326004,-7.938870400802238,23.169226037212404,1.1
352,5.794614788447312,-7.154039397938075,23.216703959419807,1.1
353,6.790687298991227,-6.211029189013797,23.26418188162721,1.1
354,7.635227464884146,-5.1308988853303665,23.311659803834612,1.1
355,8.309608809496627,-3.937734676753739,23.359137726042015,1.1
356,8.798996970434454,-2.658112734977417,23.406615648249417,1.1
357,9.092675981351336,-1.3205072694745357,23.45409357045682,1.1
358,9.184282868878476,0.04534307932344446,23.501571492664223,1.1
359,9.071945429865739,1.4090964106893753,23.549049414871625,1.1
360,8.758320207597782,2.740481598506005,23.596527337079028,1.1
361,8.25052990358373,4.009970216964987,23.64400525928643,1.1
362,7.560001694631692,5.18943144238126,23.691483181493833,1.1
363,6.702210123623767,6.252755406279849,23.738961103701236,1.1
364,5.696330347913756,7.176431186891211,23.78643902590864,1.1
365,4.564809514685481,7.940066644241092,23.83391694811604,1.1
366,3.3328658439593033,8.526838605306857,23.88139487032344,1.1
367,2.027926597138908,8.923863461116555,23.928872792530843,1.1
368,1.1,9.057440118061168,23.96673519685871,1.1
